[{"__type":"Book:#BookstoreLibrary","<Price>k__BackingField":13.616685313925466,"<Title>k__BackingField":"UyasbHxozlEKgn","<NumberOfPages>k__BackingField":74,"<Rating>k__BackingField":3.6942511287956736,"<Year>k__BackingField":2018},{"__type":"Book:#BookstoreLibrary","<Price>k__BackingField":9.20763753271086,"<Title>k__BackingField":"PgV","<NumberOfPages>k__BackingField":173,"<Rating>k__BackingField":0.75368288566995545,"<Year>k__BackingField":2020},{"__type":"Book:#BookstoreLibrary","<Price>k__BackingField":18.954806908012742,"<Title>k__BackingField":"wfDNwzGgKEyZBJ","<NumberOfPages>k__BackingField":656,"<Rating>k__BackingField":1.9421124425447138,"<Year>k__BackingField":2006},{"__type":"Book:#BookstoreLibrary","<Price>k__BackingField":0.28653896473652635,"<Title>k__BackingField":"NqByGdkivPRGnL","<NumberOfPages>k__BackingField":445,"<Rating>k__BackingField":0.92694287045250778,"<Year>k__BackingField":2002},{"__type":"Book:#BookstoreLibrary","<Price>k__BackingField":15.16599775253143,"<Title>k__BackingField":"nrX","<NumberOfPages>k__BackingField":518,"<Rating>k__BackingField":4.974492115888042,"<Year>k__BackingField":2010},{"__type":"Book:#BookstoreLibrary","<Price>k__BackingField":16.299679695768134,"<Title>k__BackingField":"jhnuSC","<NumberOfPages>k__BackingField":569,"<Rating>k__BackingField":0.91790258740908581,"<Year>k__BackingField":2017},{"__type":"Book:#BookstoreLibrary","<Price>k__BackingField":0.97620186813930132,"<Title>k__BackingField":"SbzJSPpUVgw","<NumberOfPages>k__BackingField":53,"<Rating>k__BackingField":4.6023407017823033,"<Year>k__BackingField":2009},{"__type":"Book:#BookstoreLibrary","<Price>k__BackingField":6.2377100494865845,"<Title>k__BackingField":"hIA","<NumberOfPages>k__BackingField":47,"<Rating>k__BackingField":3.2615892133962312,"<Year>k__BackingField":2019},{"__type":"Book:#BookstoreLibrary","<Price>k__BackingField":9.8751963809482746,"<Title>k__BackingField":"EiuCMv","<NumberOfPages>k__BackingField":359,"<Rating>k__BackingField":3.1538401679852233,"<Year>k__BackingField":2007},{"__type":"Book:#BookstoreLibrary","<Price>k__BackingField":19.182691871273654,"<Title>k__BackingField":"QDJWjRjAa","<NumberOfPages>k__BackingField":233,"<Rating>k__BackingField":1.1415233696538598,"<Year>k__BackingField":1995},{"<Price>k__BackingField":1,"<Title>k__BackingField":"Товар1"}]